{ "results": [
	{
        "createdAt": "2015-11-06T14:23:13.251Z",
        "deviceType": "embedded",
        "installationId": "5465a74b-f14f-4ef1-814d-7655d3690f38",
        "objectId": "MDN2W6TD64",
        "updatedAt": "2015-11-06T14:23:13.251Z"
    },
	{
        "appIdentifier": "com.nice295.fashionleader",
        "appName": "패션 루저",
        "appVersion": "1.0",
        "channels": [
            "Android",
            "Hanger"
        ],
        "createdAt": "2015-11-06T16:33:31.859Z",
        "deviceToken": "APA91bEF_8b_V0XZaM86n4PiVMIp8sw2WgQLjDP3qhCiS1U_jq2mhQ06Qpx_zyAA5AjTDHYpdlhCImWtMnRUeimyzRXUAnrTQy0u-QHgKymds3hxCDBQxyST8wcOzkC73mtJmpi_kA08",
        "deviceType": "android",
        "installationId": "c64f6a1e-1353-406d-8028-5d18daab509f",
        "localeIdentifier": "ko-KR",
        "objectId": "hCNjKlypwq",
        "parseVersion": "1.10.3",
        "pushType": "gcm",
        "timeZone": "Asia/Seoul",
        "updatedAt": "2015-11-07T01:27:03.331Z"
    },
	{
        "appIdentifier": "com.nice295.fashionleader",
        "appName": "패션 루저",
        "appVersion": "1.0",
        "channels": [
            "Android",
            "Hanger"
        ],
        "createdAt": "2015-11-06T14:36:49.548Z",
        "deviceToken": "APA91bHyem2KE2kFGROFBJXI91tcJnDGlMJv9FVSOd02KkYjFze64Q4Nxt1xkm_kM_0MOSB13KQJQ46zt7hUtYIvtGPMfh-M2gdMhKRk52prU6TToNr2iHx3h6nCnjcsZYOcKUCB5XlC",
        "deviceType": "android",
        "installationId": "75f5fd05-606b-4343-817e-b58466d50b14",
        "localeIdentifier": "en-US",
        "objectId": "qMdxWkGaWL",
        "parseVersion": "1.10.3",
        "pushType": "gcm",
        "timeZone": "Asia/Seoul",
        "updatedAt": "2015-11-06T15:42:06.614Z"
    }
] }