{ "results": [
	{
        "ID": 31,
        "Picture": {
            "__type": "File",
            "name": "tfss-203f9b5e-eeb9-407c-a63a-17ddeb54ddfc-pic31",
            "url": "http://files.parsetfss.com/cee7e07a-1a03-4731-978e-7fafadf83c27/tfss-203f9b5e-eeb9-407c-a63a-17ddeb54ddfc-pic31"
        },
        "createdAt": "2015-10-27T11:25:24.055Z",
        "objectId": "8lt5ArkyfM",
        "updatedAt": "2015-10-27T11:25:24.055Z"
    },
	{
        "ID": 34,
        "Picture": {
            "__type": "File",
            "name": "tfss-0070206b-4a0d-4a98-92a4-e53314865caa-pic34",
            "url": "http://files.parsetfss.com/cee7e07a-1a03-4731-978e-7fafadf83c27/tfss-0070206b-4a0d-4a98-92a4-e53314865caa-pic34"
        },
        "createdAt": "2015-10-27T11:25:56.493Z",
        "objectId": "DohwbCvuuI",
        "updatedAt": "2015-10-27T11:25:56.493Z"
    },
	{
        "ID": 30,
        "Picture": {
            "__type": "File",
            "name": "tfss-670182d4-c363-4e31-ada0-ff6075811591-pic30",
            "url": "http://files.parsetfss.com/cee7e07a-1a03-4731-978e-7fafadf83c27/tfss-670182d4-c363-4e31-ada0-ff6075811591-pic30"
        },
        "createdAt": "2015-10-27T11:25:13.859Z",
        "objectId": "E4t3WgXRsF",
        "updatedAt": "2015-10-27T11:25:13.859Z"
    },
	{
        "ID": 21,
        "Picture": {
            "__type": "File",
            "name": "tfss-b9d7b275-0676-4135-afbf-2556daa62afb-pic21",
            "url": "http://files.parsetfss.com/cee7e07a-1a03-4731-978e-7fafadf83c27/tfss-b9d7b275-0676-4135-afbf-2556daa62afb-pic21"
        },
        "createdAt": "2015-10-27T11:23:38.233Z",
        "objectId": "GAAh4VpXyt",
        "updatedAt": "2015-10-27T11:23:38.233Z"
    },
	{
        "ID": 23,
        "Picture": {
            "__type": "File",
            "name": "tfss-b0e60b5e-0da0-43dd-bee5-1bc29c0f32cc-pic23",
            "url": "http://files.parsetfss.com/cee7e07a-1a03-4731-978e-7fafadf83c27/tfss-b0e60b5e-0da0-43dd-bee5-1bc29c0f32cc-pic23"
        },
        "createdAt": "2015-10-27T11:23:59.454Z",
        "objectId": "GJewqgdsaC",
        "updatedAt": "2015-10-27T11:23:59.454Z"
    },
	{
        "ID": 36,
        "Picture": {
            "__type": "File",
            "name": "tfss-6bb15011-9f9a-4479-b444-da4bfb3e411b-pic36",
            "url": "http://files.parsetfss.com/cee7e07a-1a03-4731-978e-7fafadf83c27/tfss-6bb15011-9f9a-4479-b444-da4bfb3e411b-pic36"
        },
        "createdAt": "2015-10-27T11:26:18.615Z",
        "objectId": "N7pwUnCWRO",
        "updatedAt": "2015-10-27T11:26:18.615Z"
    },
	{
        "ID": 27,
        "Picture": {
            "__type": "File",
            "name": "tfss-21138590-24a7-466e-bc05-d29533d80004-pic27",
            "url": "http://files.parsetfss.com/cee7e07a-1a03-4731-978e-7fafadf83c27/tfss-21138590-24a7-466e-bc05-d29533d80004-pic27"
        },
        "createdAt": "2015-10-27T11:24:41.849Z",
        "objectId": "NZJzoBIXpX",
        "updatedAt": "2015-10-27T11:24:41.849Z"
    },
	{
        "ID": 17,
        "Picture": {
            "__type": "File",
            "name": "tfss-eb44caa4-8f3b-4331-b63f-bd9d8d0fc722-pic17",
            "url": "http://files.parsetfss.com/cee7e07a-1a03-4731-978e-7fafadf83c27/tfss-eb44caa4-8f3b-4331-b63f-bd9d8d0fc722-pic17"
        },
        "createdAt": "2015-10-27T11:22:51.239Z",
        "objectId": "PA9Le5iImg",
        "updatedAt": "2015-10-27T11:22:51.239Z"
    },
	{
        "ID": 26,
        "Picture": {
            "__type": "File",
            "name": "tfss-185256a3-93c7-4eca-83b4-38740c01f58a-pic26",
            "url": "http://files.parsetfss.com/cee7e07a-1a03-4731-978e-7fafadf83c27/tfss-185256a3-93c7-4eca-83b4-38740c01f58a-pic26"
        },
        "createdAt": "2015-10-27T11:24:31.765Z",
        "objectId": "PhAuVlp34O",
        "updatedAt": "2015-10-27T11:24:31.765Z"
    },
	{
        "ID": 16,
        "Picture": {
            "__type": "File",
            "name": "tfss-d03e0787-5d89-411e-ab55-0e2692cf235b-pic16",
            "url": "http://files.parsetfss.com/cee7e07a-1a03-4731-978e-7fafadf83c27/tfss-d03e0787-5d89-411e-ab55-0e2692cf235b-pic16"
        },
        "createdAt": "2015-10-27T11:22:40.856Z",
        "objectId": "Rt8OUAhJ5c",
        "updatedAt": "2015-10-27T11:22:40.856Z"
    },
	{
        "ID": 11,
        "Picture": {
            "__type": "File",
            "name": "tfss-a7d956a9-624f-425f-b473-a5afea05b5da-pic11",
            "url": "http://files.parsetfss.com/cee7e07a-1a03-4731-978e-7fafadf83c27/tfss-a7d956a9-624f-425f-b473-a5afea05b5da-pic11"
        },
        "createdAt": "2015-10-27T11:21:47.137Z",
        "objectId": "SqJYlKdDFr",
        "updatedAt": "2015-10-27T11:21:47.137Z"
    },
	{
        "ID": 22,
        "Picture": {
            "__type": "File",
            "name": "tfss-27404ef4-578d-4220-9e18-990b4bb4e296-pic22",
            "url": "http://files.parsetfss.com/cee7e07a-1a03-4731-978e-7fafadf83c27/tfss-27404ef4-578d-4220-9e18-990b4bb4e296-pic22"
        },
        "createdAt": "2015-10-27T11:23:48.602Z",
        "objectId": "UmeGtfJhXE",
        "updatedAt": "2015-10-27T11:23:48.602Z"
    },
	{
        "ID": 14,
        "Picture": {
            "__type": "File",
            "name": "tfss-54800209-805b-4ea2-8ec0-350218d41ddb-pic14",
            "url": "http://files.parsetfss.com/cee7e07a-1a03-4731-978e-7fafadf83c27/tfss-54800209-805b-4ea2-8ec0-350218d41ddb-pic14"
        },
        "createdAt": "2015-10-27T11:22:19.329Z",
        "objectId": "UuZyIYsmow",
        "updatedAt": "2015-10-27T11:22:19.329Z"
    },
	{
        "ID": 24,
        "Picture": {
            "__type": "File",
            "name": "tfss-817843e5-64fc-476e-bc6b-241f6b9d5d77-pic24",
            "url": "http://files.parsetfss.com/cee7e07a-1a03-4731-978e-7fafadf83c27/tfss-817843e5-64fc-476e-bc6b-241f6b9d5d77-pic24"
        },
        "createdAt": "2015-10-27T11:24:09.965Z",
        "objectId": "VZd7jd1M48",
        "updatedAt": "2015-10-27T11:24:09.965Z"
    },
	{
        "ID": 19,
        "Picture": {
            "__type": "File",
            "name": "tfss-14088075-bb05-4172-99d1-804aeba3f2dc-pic19",
            "url": "http://files.parsetfss.com/cee7e07a-1a03-4731-978e-7fafadf83c27/tfss-14088075-bb05-4172-99d1-804aeba3f2dc-pic19"
        },
        "createdAt": "2015-10-27T11:23:12.064Z",
        "objectId": "Z2jaJjCPMa",
        "updatedAt": "2015-10-27T11:23:12.064Z"
    },
	{
        "ID": 20,
        "Picture": {
            "__type": "File",
            "name": "tfss-3d7f376a-45fa-4eb2-9d07-e9f26fa48a8c-pic20",
            "url": "http://files.parsetfss.com/cee7e07a-1a03-4731-978e-7fafadf83c27/tfss-3d7f376a-45fa-4eb2-9d07-e9f26fa48a8c-pic20"
        },
        "createdAt": "2015-10-27T11:23:24.104Z",
        "objectId": "dIEcSn43v4",
        "updatedAt": "2015-10-27T11:23:24.104Z"
    },
	{
        "ID": 18,
        "Picture": {
            "__type": "File",
            "name": "tfss-09af79cb-7397-4681-82da-191d017808ea-pic18",
            "url": "http://files.parsetfss.com/cee7e07a-1a03-4731-978e-7fafadf83c27/tfss-09af79cb-7397-4681-82da-191d017808ea-pic18"
        },
        "createdAt": "2015-10-27T11:23:01.892Z",
        "objectId": "dUin5tk0XP",
        "updatedAt": "2015-10-27T11:23:01.892Z"
    },
	{
        "ID": 13,
        "Picture": {
            "__type": "File",
            "name": "tfss-a31afbdb-ca54-4e0a-8755-b18887b1a620-pic13",
            "url": "http://files.parsetfss.com/cee7e07a-1a03-4731-978e-7fafadf83c27/tfss-a31afbdb-ca54-4e0a-8755-b18887b1a620-pic13"
        },
        "createdAt": "2015-10-27T11:22:08.678Z",
        "objectId": "dc4Q2B4VOU",
        "updatedAt": "2015-10-27T11:22:08.678Z"
    },
	{
        "ID": 28,
        "Picture": {
            "__type": "File",
            "name": "tfss-ff73b297-2e4a-49df-a303-7dc1f893cb0e-pic28",
            "url": "http://files.parsetfss.com/cee7e07a-1a03-4731-978e-7fafadf83c27/tfss-ff73b297-2e4a-49df-a303-7dc1f893cb0e-pic28"
        },
        "createdAt": "2015-10-27T11:24:52.578Z",
        "objectId": "friNfrwFL0",
        "updatedAt": "2015-10-27T11:24:52.578Z"
    },
	{
        "ID": 32,
        "Picture": {
            "__type": "File",
            "name": "tfss-0597022d-2d39-429b-a221-e1b95edb677c-pic32",
            "url": "http://files.parsetfss.com/cee7e07a-1a03-4731-978e-7fafadf83c27/tfss-0597022d-2d39-429b-a221-e1b95edb677c-pic32"
        },
        "createdAt": "2015-10-27T11:25:34.583Z",
        "objectId": "fwtkuRoPVF",
        "updatedAt": "2015-10-27T11:25:34.583Z"
    },
	{
        "ID": 12,
        "Picture": {
            "__type": "File",
            "name": "tfss-5b0506aa-4965-409a-bd7f-a5bf55307613-pic12",
            "url": "http://files.parsetfss.com/cee7e07a-1a03-4731-978e-7fafadf83c27/tfss-5b0506aa-4965-409a-bd7f-a5bf55307613-pic12"
        },
        "createdAt": "2015-10-27T11:21:57.572Z",
        "objectId": "hLuSoxCr1S",
        "updatedAt": "2015-10-27T11:21:57.572Z"
    },
	{
        "ID": 25,
        "Picture": {
            "__type": "File",
            "name": "tfss-57e8aa98-1c79-4880-a91e-450d7a394785-pic25",
            "url": "http://files.parsetfss.com/cee7e07a-1a03-4731-978e-7fafadf83c27/tfss-57e8aa98-1c79-4880-a91e-450d7a394785-pic25"
        },
        "createdAt": "2015-10-27T11:24:21.093Z",
        "objectId": "l4BQxGn2zK",
        "updatedAt": "2015-10-27T11:24:21.093Z"
    },
	{
        "ID": 33,
        "Picture": {
            "__type": "File",
            "name": "tfss-6499924d-01ae-4e57-9bdb-d0e66ee5c954-pic33",
            "url": "http://files.parsetfss.com/cee7e07a-1a03-4731-978e-7fafadf83c27/tfss-6499924d-01ae-4e57-9bdb-d0e66ee5c954-pic33"
        },
        "createdAt": "2015-10-27T11:25:45.736Z",
        "objectId": "nEPJehLZ5d",
        "updatedAt": "2015-10-27T11:25:45.736Z"
    },
	{
        "ID": 29,
        "Picture": {
            "__type": "File",
            "name": "tfss-f99eda30-e6ed-486b-aca2-9de637768aec-pic29",
            "url": "http://files.parsetfss.com/cee7e07a-1a03-4731-978e-7fafadf83c27/tfss-f99eda30-e6ed-486b-aca2-9de637768aec-pic29"
        },
        "createdAt": "2015-10-27T11:25:03.178Z",
        "objectId": "rMnfErYpiD",
        "updatedAt": "2015-10-27T11:25:03.178Z"
    },
	{
        "ID": 10,
        "Picture": {
            "__type": "File",
            "name": "tfss-73c71c24-c974-4d2e-929e-c949125f4fda-pic10",
            "url": "http://files.parsetfss.com/cee7e07a-1a03-4731-978e-7fafadf83c27/tfss-73c71c24-c974-4d2e-929e-c949125f4fda-pic10"
        },
        "createdAt": "2015-10-27T11:21:36.841Z",
        "objectId": "rolTT6iGRF",
        "updatedAt": "2015-10-27T11:21:36.841Z"
    },
	{
        "ID": 35,
        "Picture": {
            "__type": "File",
            "name": "tfss-851dca3a-78d6-4c86-bf7f-ef0eae70ad1c-pic35",
            "url": "http://files.parsetfss.com/cee7e07a-1a03-4731-978e-7fafadf83c27/tfss-851dca3a-78d6-4c86-bf7f-ef0eae70ad1c-pic35"
        },
        "createdAt": "2015-10-27T11:26:07.543Z",
        "objectId": "u1MBdRvEfy",
        "updatedAt": "2015-10-27T11:26:07.543Z"
    },
	{
        "ID": 15,
        "Picture": {
            "__type": "File",
            "name": "tfss-b4d4c615-e002-4382-948a-5f0ed79f252b-pic15",
            "url": "http://files.parsetfss.com/cee7e07a-1a03-4731-978e-7fafadf83c27/tfss-b4d4c615-e002-4382-948a-5f0ed79f252b-pic15"
        },
        "createdAt": "2015-10-27T11:22:30.660Z",
        "objectId": "xeVAosSzGg",
        "updatedAt": "2015-10-27T11:22:30.660Z"
    }
] }