{ "results": [
	{
        "ID": "4",
        "Image": {
            "__type": "File",
            "name": "tfss-ee250fff-23d7-4d7c-94e5-c6918c96d31f-red shirt.png",
            "url": "http://files.parsetfss.com/cee7e07a-1a03-4731-978e-7fafadf83c27/tfss-ee250fff-23d7-4d7c-94e5-c6918c96d31f-red%20shirt.png"
        },
        "Type": "up",
        "createdAt": "2015-11-05T10:55:21.230Z",
        "objectId": "1wEfdphCgQ",
        "updatedAt": "2015-11-06T18:29:27.751Z"
    },
	{
        "ID": "3",
        "Image": {
            "__type": "File",
            "name": "tfss-deaba415-27c4-4de1-8566-d55eea8ccdaf-up5.png",
            "url": "http://files.parsetfss.com/cee7e07a-1a03-4731-978e-7fafadf83c27/tfss-deaba415-27c4-4de1-8566-d55eea8ccdaf-up5.png"
        },
        "Type": "up",
        "createdAt": "2015-11-06T18:08:00.654Z",
        "objectId": "64cjQK3Ueg",
        "updatedAt": "2015-11-06T18:29:32.335Z"
    },
	{
        "ID": "2",
        "Image": {
            "__type": "File",
            "name": "tfss-06768ff5-548a-4d5c-aada-e28595243ede-red pants.png",
            "url": "http://files.parsetfss.com/cee7e07a-1a03-4731-978e-7fafadf83c27/tfss-06768ff5-548a-4d5c-aada-e28595243ede-red%20pants.png"
        },
        "Type": "down",
        "createdAt": "2015-11-05T10:55:39.664Z",
        "objectId": "7qvrT8LbbP",
        "updatedAt": "2015-11-06T16:26:19.335Z"
    },
	{
        "ID": "0",
        "Image": {
            "__type": "File",
            "name": "tfss-c32e234d-a77e-4027-b841-453e347c41bb-down0.png",
            "url": "http://files.parsetfss.com/cee7e07a-1a03-4731-978e-7fafadf83c27/tfss-c32e234d-a77e-4027-b841-453e347c41bb-down0.png"
        },
        "Type": "down",
        "createdAt": "2015-11-06T16:44:05.415Z",
        "objectId": "Gu3lJn27wE",
        "updatedAt": "2015-11-06T18:26:24.729Z"
    },
	{
        "ID": "2",
        "Image": {
            "__type": "File",
            "name": "tfss-e3e82220-39cb-45ca-8a29-0771e5a1a274-yellow shirt.png",
            "url": "http://files.parsetfss.com/cee7e07a-1a03-4731-978e-7fafadf83c27/tfss-e3e82220-39cb-45ca-8a29-0771e5a1a274-yellow%20shirt.png"
        },
        "Type": "up",
        "createdAt": "2015-11-06T16:51:42.143Z",
        "objectId": "LRfvvZDZUk",
        "updatedAt": "2015-11-06T18:29:43.744Z"
    },
	{
        "ID": "0",
        "Image": {
            "__type": "File",
            "name": "tfss-79b5a60e-b76c-4e38-a565-213342ce95e5-yellow skirt.png",
            "url": "http://files.parsetfss.com/cee7e07a-1a03-4731-978e-7fafadf83c27/tfss-79b5a60e-b76c-4e38-a565-213342ce95e5-yellow%20skirt.png"
        },
        "Type": "down",
        "createdAt": "2015-11-05T10:55:36.479Z",
        "objectId": "Z4fVBjZvJ8",
        "updatedAt": "2015-11-06T18:26:21.444Z"
    },
	{
        "ID": "1",
        "Image": {
            "__type": "File",
            "name": "tfss-2b579cba-115e-4972-9a3b-fba8cfdd120f-blue shirt.png",
            "url": "http://files.parsetfss.com/cee7e07a-1a03-4731-978e-7fafadf83c27/tfss-2b579cba-115e-4972-9a3b-fba8cfdd120f-blue%20shirt.png"
        },
        "Type": "up",
        "createdAt": "2015-11-05T10:55:30.270Z",
        "objectId": "hzMVJ79gaV",
        "updatedAt": "2015-11-06T18:29:47.490Z"
    },
	{
        "ID": "2",
        "Image": {
            "__type": "File",
            "name": "tfss-f7ed266d-4a70-487a-8c8d-9e96460f8ea9-pants.png",
            "url": "http://files.parsetfss.com/cee7e07a-1a03-4731-978e-7fafadf83c27/tfss-f7ed266d-4a70-487a-8c8d-9e96460f8ea9-pants.png"
        },
        "Type": "down",
        "createdAt": "2015-11-05T10:55:46.053Z",
        "objectId": "uL7UKlKvkK",
        "updatedAt": "2015-11-06T17:05:19.640Z"
    },
	{
        "ID": "0",
        "Image": {
            "__type": "File",
            "name": "tfss-253fb3b1-e46a-47bc-9020-4e8d56edf85a-down1.png",
            "url": "http://files.parsetfss.com/cee7e07a-1a03-4731-978e-7fafadf83c27/tfss-253fb3b1-e46a-47bc-9020-4e8d56edf85a-down1.png"
        },
        "Type": "down",
        "createdAt": "2015-11-06T16:44:28.740Z",
        "objectId": "wlJVekMr6N",
        "updatedAt": "2015-11-06T18:26:23.482Z"
    },
	{
        "ID": "5",
        "Image": {
            "__type": "File",
            "name": "tfss-321b2059-8f7c-4a2d-addd-664278c1e50d-purple shirt.png",
            "url": "http://files.parsetfss.com/cee7e07a-1a03-4731-978e-7fafadf83c27/tfss-321b2059-8f7c-4a2d-addd-664278c1e50d-purple%20shirt.png"
        },
        "Type": "up",
        "createdAt": "2015-11-06T16:37:41.285Z",
        "objectId": "xyCV9Ac5uB",
        "updatedAt": "2015-11-06T18:29:23.819Z"
    }
] }